{
  "dataset": "DIARETDB1_from_res",
  "samples": 130,
  "train": 104,
  "val": 26,
  "accuracy": 0.7307692307692307,
  "qwk": 0.1874999999999999,
  "f1_macro": 0.44017094017094016,
  "precision_macro": 0.43333333333333335,
  "recall_macro": 0.4473684210526316,
  "confusion_matrix": [
    [
      0,
      0,
      0,
      1,
      0
    ],
    [
      0,
      0,
      0,
      0,
      0
    ],
    [
      0,
      0,
      3,
      3,
      0
    ],
    [
      0,
      0,
      3,
      16,
      0
    ],
    [
      0,
      0,
      0,
      0,
      0
    ]
  ],
  "classification_report": {
    "0": {
      "precision": 0.0,
      "recall": 0.0,
      "f1-score": 0.0,
      "support": 1.0
    },
    "1": {
      "precision": 0.0,
      "recall": 0.0,
      "f1-score": 0.0,
      "support": 0.0
    },
    "2": {
      "precision": 0.5,
      "recall": 0.5,
      "f1-score": 0.5,
      "support": 6.0
    },
    "3": {
      "precision": 0.8,
      "recall": 0.8421052631578947,
      "f1-score": 0.8205128205128205,
      "support": 19.0
    },
    "4": {
      "precision": 0.0,
      "recall": 0.0,
      "f1-score": 0.0,
      "support": 0.0
    },
    "accuracy": 0.7307692307692307,
    "macro avg": {
      "precision": 0.26,
      "recall": 0.26842105263157895,
      "f1-score": 0.2641025641025641,
      "support": 26.0
    },
    "weighted avg": {
      "precision": 0.7000000000000001,
      "recall": 0.7307692307692307,
      "f1-score": 0.7149901380670612,
      "support": 26.0
    }
  },
  "model_path": "ml\\models\\weights\\diaretdb1_rf.joblib"
}